Workbook
Name F0_in: Inputs!$B$6
Name FC_AMT: Inputs!$B$4
Name K_CALL: Inputs!$B$10
Name K_PUT: Inputs!$B$9
Name PREM_CALL: Inputs!$B$12
Name PREM_PUT: Inputs!$B$11
Name R_FC: Inputs!$B$8
Name R_USD: Inputs!$B$7
Name S0_in: Inputs!$B$5
Name T_DAYS: Inputs!$B$13

Sheet Cover
A1: FIN 321 — FX Hedging Model
A3: Scenario | B3: U.S. Aerospace Manufacturer (aerospace)
A4: Author | B4: Lily Wilson
A5: Date | B5: 2026-08-08
A6: Exposure | B6: EUR 20,000,000 receivable
A7: Timing | B7: 365 days to settlement
A8: Data provenance | B8: Phase 3 indicative placeholders; replace with live, sourced, timestamped market data at Phase 4.
A11: Build status | B11: Phase 3 generated workbook — audit required before final submission.

Sheet Legend_Key
A1: Legend / Key
A3: Yellow | B3: Inputs
A4: Blue | B4: Assumptions
A5: Green | B5: Formulas
A6: Gray | B6: Outputs

Sheet Inputs
A1: Inputs — Named Range Contract
A3: Name | B3: Placeholder / Value | C3: Unit | D3: Status / Phase-4 source
A4: FC_AMT | B4: 20000000 | C4: EUR | D4: Assigned scenario transaction assumption.
A5: S0_in | B5: 1.1567 | C5: USD/EUR | D5: ECB EUR/USD reference rate, August 14, 2026; 1.1567 USD/EUR.
A6: F0_in | B6: =S0_in*(1+R_USD*T_DAYS/360)/(1+R_FC*T_DAYS/360) -> 1.1664594 | C6: USD/EUR | D6: CIP-implied 1-year forward calculated from live spot and selected interest rates; no live forward quote used.
A7: R_USD | B7: 0.038 | C7: Annual % | D7: Federal Reserve H.15, 1-year Treasury bill secondary-market yield, August 13, 2026; 3.80%.
A8: R_FC | B8: 0.02943 | C8: Annual % | D8: 12-month EURIBOR, Bank of Finland/Euribor reference data; August 13, 2026 observation; 2.943%.
A9: K_PUT | B9: 1.1567 | C9: USD/EUR | D9: Set at live spot (1.1567 USD/EUR) per scenario convention.
A10: K_CALL | B10: 1.1567 | C10: USD/EUR | D10: Set at live spot (1.1567 USD/EUR) per scenario convention.
A11: PREM_PUT | B11: 0.019 | C11: USD/EUR | D11: Scenario-given premium; retained as instructed by assignment.
A12: PREM_CALL | B12: 0.024 | C12: USD/EUR | D12: Scenario-given premium; retained as instructed by assignment.
A13: T_DAYS | B13: 365 | C13: Days | D13: Assigned 365-day settlement assumption; ACT/360 rate accrual.

Sheet No_Hedge
A1: Unhedged / No Hedge
A3: Ending spot S_T | B3: 1.0935
A4: USD proceeds | B4: =FC_AMT*B3 -> 21870000
A6: Note | B6: B3 is a scenario variable for settlement; sensitivity tab varies it formulaically.

Sheet Forward
A1: Forward Hedge
A3: Forward proceeds | B3: =FC_AMT*F0_in -> 23329188
A5: Check | B5: =IF(ABS(B3-FC_AMT*F0_in)<0.01,"PASS","FAIL") -> PASS

Sheet Money_Market
A1: Money-Market Hedge — Three Steps
A3: Step 1 — FC borrowing | B3: =FC_AMT/(1+R_FC*T_DAYS/360) -> 19420516
A4: Step 2 — USD now | B4: =B3*S0_in -> 22463711
A5: Step 3 — USD proceeds | B5: =B4*(1+R_USD*T_DAYS/360) -> 23329188
A7: Implied forward | B7: =S0_in*(1+R_USD*T_DAYS/360)/(1+R_FC*T_DAYS/360) -> 1.1664594
A8: Parity difference | B8: =B7-F0_in -> 0
A9: Parity check | B9: =IF(ABS(B8)<0.01,"PASS","FAIL") -> PASS

Sheet Options
A1: Options — Put Floor and Call Participation
A3: Ending spot S_T | B3: =S0_in -> 1.1567
A4: Put gross proceeds | B4: =FC_AMT*MAX(B3,K_PUT) -> 23134000
A5: Put premium cost USD | B5: =FC_AMT*PREM_PUT -> 380000
A6: Put net proceeds | B6: =B4-B5 -> 22754000
A7: Call participation payoff | B7: =FC_AMT*MAX(B3-K_CALL,0) -> 0
A8: Call premium cost USD | B8: =FC_AMT*PREM_CALL -> 480000
A9: Call net payoff after premium | B9: =B7-B8 -> -480000

Sheet Sensitivity
A1: Sensitivity — Settlement Spot ±5% in 1% Steps
A3: S_T | B3: No Hedge Proceeds | C3: Forward Proceeds | D3: MM Proceeds | E3: Put Net Proceeds | F3: Call Net Payoff
A4: =S0_in*(1+(0-5)/100) -> 1.098865 | B4: =FC_AMT*A4 -> 21977300 | C4: =Forward!$B$3 -> 23329188 | D4: =Money_Market!$B$5 -> 23329188 | E4: =FC_AMT*MAX(A4,K_PUT)-FC_AMT*PREM_PUT -> 22754000 | F4: =FC_AMT*MAX(A4-K_CALL,0)-FC_AMT*PREM_CALL -> -480000
A5: =S0_in*(1+(1-5)/100) -> 1.110432 | B5: =FC_AMT*A5 -> 22208640 | C5: =Forward!$B$3 -> 23329188 | D5: =Money_Market!$B$5 -> 23329188 | E5: =FC_AMT*MAX(A5,K_PUT)-FC_AMT*PREM_PUT -> 22754000 | F5: =FC_AMT*MAX(A5-K_CALL,0)-FC_AMT*PREM_CALL -> -480000
A6: =S0_in*(1+(2-5)/100) -> 1.121999 | B6: =FC_AMT*A6 -> 22439980 | C6: =Forward!$B$3 -> 23329188 | D6: =Money_Market!$B$5 -> 23329188 | E6: =FC_AMT*MAX(A6,K_PUT)-FC_AMT*PREM_PUT -> 22754000 | F6: =FC_AMT*MAX(A6-K_CALL,0)-FC_AMT*PREM_CALL -> -480000
A7: =S0_in*(1+(3-5)/100) -> 1.133566 | B7: =FC_AMT*A7 -> 22671320 | C7: =Forward!$B$3 -> 23329188 | D7: =Money_Market!$B$5 -> 23329188 | E7: =FC_AMT*MAX(A7,K_PUT)-FC_AMT*PREM_PUT -> 22754000 | F7: =FC_AMT*MAX(A7-K_CALL,0)-FC_AMT*PREM_CALL -> -480000
A8: =S0_in*(1+(4-5)/100) -> 1.145133 | B8: =FC_AMT*A8 -> 22902660 | C8: =Forward!$B$3 -> 23329188 | D8: =Money_Market!$B$5 -> 23329188 | E8: =FC_AMT*MAX(A8,K_PUT)-FC_AMT*PREM_PUT -> 22754000 | F8: =FC_AMT*MAX(A8-K_CALL,0)-FC_AMT*PREM_CALL -> -480000
A9: =S0_in*(1+(5-5)/100) -> 1.1567 | B9: =FC_AMT*A9 -> 23134000 | C9: =Forward!$B$3 -> 23329188 | D9: =Money_Market!$B$5 -> 23329188 | E9: =FC_AMT*MAX(A9,K_PUT)-FC_AMT*PREM_PUT -> 22754000 | F9: =FC_AMT*MAX(A9-K_CALL,0)-FC_AMT*PREM_CALL -> -480000
A10: =S0_in*(1+(6-5)/100) -> 1.168267 | B10: =FC_AMT*A10 -> 23365340 | C10: =Forward!$B$3 -> 23329188 | D10: =Money_Market!$B$5 -> 23329188 | E10: =FC_AMT*MAX(A10,K_PUT)-FC_AMT*PREM_PUT -> 22985340 | F10: =FC_AMT*MAX(A10-K_CALL,0)-FC_AMT*PREM_CALL -> -248660
A11: =S0_in*(1+(7-5)/100) -> 1.179834 | B11: =FC_AMT*A11 -> 23596680 | C11: =Forward!$B$3 -> 23329188 | D11: =Money_Market!$B$5 -> 23329188 | E11: =FC_AMT*MAX(A11,K_PUT)-FC_AMT*PREM_PUT -> 23216680 | F11: =FC_AMT*MAX(A11-K_CALL,0)-FC_AMT*PREM_CALL -> -17320
A12: =S0_in*(1+(8-5)/100) -> 1.191401 | B12: =FC_AMT*A12 -> 23828020 | C12: =Forward!$B$3 -> 23329188 | D12: =Money_Market!$B$5 -> 23329188 | E12: =FC_AMT*MAX(A12,K_PUT)-FC_AMT*PREM_PUT -> 23448020 | F12: =FC_AMT*MAX(A12-K_CALL,0)-FC_AMT*PREM_CALL -> 214020
A13: =S0_in*(1+(9-5)/100) -> 1.202968 | B13: =FC_AMT*A13 -> 24059360 | C13: =Forward!$B$3 -> 23329188 | D13: =Money_Market!$B$5 -> 23329188 | E13: =FC_AMT*MAX(A13,K_PUT)-FC_AMT*PREM_PUT -> 23679360 | F13: =FC_AMT*MAX(A13-K_CALL,0)-FC_AMT*PREM_CALL -> 445360
A14: =S0_in*(1+(10-5)/100) -> 1.214535 | B14: =FC_AMT*A14 -> 24290700 | C14: =Forward!$B$3 -> 23329188 | D14: =Money_Market!$B$5 -> 23329188 | E14: =FC_AMT*MAX(A14,K_PUT)-FC_AMT*PREM_PUT -> 23910700 | F14: =FC_AMT*MAX(A14-K_CALL,0)-FC_AMT*PREM_CALL -> 676700

Sheet Notes_Assumptions
A1: Notes & Assumptions
A3: Rate basis | B3: ACT/360 for R_USD and R_FC.
A4: Transaction costs | B4: Assumed zero in Phase 3; incorporate sourced costs/spreads in Phase 4 if available.
A5: Parity | B5: Covered interest parity is expected; MM proceeds should approximately equal forward proceeds when inputs are parity-consistent.
A6: Premium treatment | B6: Option premiums are paid up front in USD and deducted from settlement proceeds/payoff.
A7: Options | B7: Put provides downside floor; call payoff is shown as participation above strike, net of premium.
A8: Validation | B8: No error cells; outputs are formulas; parity check visible; sensitivity table is formula-driven.
